MAE,MSE,R2
4530.154248493812,31740788.28838891,0.21925904949311492
3247.510769223844,22055827.901885163,0.45572067331485516
2761.3310519414877,16173334.605468215,0.6010493573155559
