Target,MAE,MSE,R2
PowerConsumption_Zone1,3264.249297114731,21452019.3790357,0.5802100191767992
PowerConsumption_Zone2,2412.6984507919287,11545331.673353398,0.5811324628090534
PowerConsumption_Zone3,2513.6826760939725,12707975.90082641,0.711866319029022
