Target,MAE,MSE,R2
PowerConsumption_Zone1,3265.234434663058,21529169.512386084,0.5787002847118323
PowerConsumption_Zone2,2422.0071082787745,11627970.732111793,0.5781342969704921
PowerConsumption_Zone3,2524.1389250150073,12854925.861487163,0.7085344561569049
