Target,MAE,MSE,R2
PowerConsumption_Zone1,3262.1237902446583,21412939.52171209,0.580974764549558
PowerConsumption_Zone2,2411.865658808907,11533165.750768065,0.5815738455406327
PowerConsumption_Zone3,2514.911657682167,12721510.366118217,0.7115594459805574
