Target,MAE,MSE,R2
PowerConsumption_Zone1,3272.1966512298104,21571845.15245985,0.5778651742352079
PowerConsumption_Zone2,2416.7721251354524,11582360.063503265,0.5797890635003946
PowerConsumption_Zone3,2520.5796614401547,12788840.679582503,0.7100328353534366
